GEOID,NAME,med_age,population,college_total,college_grad,med_income,labor_force,unemployed,housing_units,vacant_units,med_home_value,unemployment_rate,vacancy_rate,college_share,log_income,log_population,age_squared
10180,"Abilene, TX Metro Area",34.4,178244,113167,19424,66464,81939,2235,75164,9509,172800,0.027276388532933037,0.12651003139800968,0.17164014244435216,11.104415726675839,12.090908677120952,1183.36
10380,"Aguadilla, PR Metro Area",45.2,252430,189038,34371,20800,88015,10417,122332,31493,120000,0.11835482588195194,0.2574387731746395,0.18182058633713857,9.94270826568941,12.438889261540071,2043.0400000000002
10420,"Akron, OH Metro Area",40.8,699508,490098,105592,71312,372204,19495,318279,24216,199000,0.05237719100278342,0.07608419028588126,0.2154507873935417,11.174819895186337,13.458132509762804,1664.6399999999999
10500,"Albany, GA Metro Area",38.2,146768,97281,12019,54219,65976,5395,67030,9559,148800,0.08177215957317813,0.14260778755780992,0.12354930561980243,10.900786679503748,11.896608387749437,1459.2400000000002
10540,"Albany, OR Metro Area",40.2,129794,91102,12644,73396,62472,3705,52740,2206,344600,0.05930656934306569,0.04182783466059917,0.13878948870496804,11.203624717204844,11.773703857222241,1616.0400000000002
10580,"Albany-Schenectady-Troy, NY Metro Area",40.5,902372,630215,140304,86072,478704,23096,420069,42510,268400,0.048246933386811054,0.10119766038436542,0.2226287854145014,11.362939434273745,13.712782130875748,1640.25
10740,"Albuquerque, NM Metro Area",39.6,918567,645319,123872,67995,453134,24836,398671,26765,263500,0.054809394130654505,0.06713555789109316,0.19195467667928576,11.127189452043059,13.730570125996012,1568.16
10780,"Alexandria, LA Metro Area",37.9,150593,101423,13623,56492,65853,3186,67375,11520,173600,0.048380483804838045,0.17098330241187384,0.1343186456720862,10.941854314188955,11.922336112523976,1436.4099999999999
10900,"Allentown-Bethlehem-Easton, PA-NJ Metro Area",41.4,866764,607910,125073,82602,453195,24321,360133,23156,277800,0.0536656406182769,0.06429846751061413,0.2057426263756148,11.321789172290998,13.672522015709871,1713.9599999999998
11020,"Altoona, PA Metro Area",42.9,121854,87152,14289,60594,59161,2628,55788,5240,156700,0.044421155829008976,0.09392700939270093,0.16395492931889113,11.011951157254613,11.710578885761164,1840.4099999999999
11100,"Amarillo, TX Metro Area",36.3,270207,176439,30214,66571,131162,4289,114741,12933,196500,0.032700019822814536,0.11271472272335085,0.17124331922080718,11.106024326263507,12.506943610908413,1317.6899999999998
11180,"Ames, IA Metro Area",30,125261,71626,19778,71090,69672,2955,53647,4004,231600,0.04241302101274544,0.07463604675005125,0.2761287800519365,11.17170195892353,11.738154839442076,900
11200,"Amherst Town-Northampton, MA Metro Area",38.7,156595,99992,24534,86391,84102,4265,66490,4720,363400,0.05071223038691113,0.07098811851406227,0.24535962877030162,11.366638782699756,11.96141813354891,1497.6900000000003
11260,"Anchorage, AK Metro Area",35.4,399746,265583,56529,95918,199090,9835,170639,23089,358900,0.04939976894871666,0.13530904423959353,0.2128487139613605,11.471248938775092,12.898584624392228,1253.1599999999999
11460,"Ann Arbor, MI Metro Area",34.8,368394,235668,63851,87156,195937,8556,158115,8859,353000,0.04366709707712173,0.05602883976852291,0.27093623232683267,11.375454895394169,12.816908296585709,1211.0399999999997
11500,"Anniston-Oxford, AL Metro Area",39,116141,78627,9842,55826,52221,3362,53271,8146,149500,0.06438023017559985,0.1529162208330987,0.12517328653007237,10.929994989669282,11.662560249186889,1521
11540,"Appleton, WI Metro Area",39.3,244163,167974,38970,83919,135558,3791,102063,3849,246000,0.027965889139704037,0.03771200141089327,0.2320001905056735,11.3376073268886,12.405591314027646,1544.4899999999998
11640,"Arecibo, PR Metro Area",45,181380,135776,26902,24436,66245,7316,83248,17931,111700,0.11043852366216318,0.21539256198347106,0.19813516379919868,10.103812733769658,12.108349557001558,2025
11700,"Asheville, NC Metro Area",43.8,410817,305486,76355,69236,202441,6903,200730,39236,338400,0.03409882385485154,0.1954665471030738,0.24994598770483753,11.14527623754629,12.925903138848266,1918.4399999999998
12020,"Athens-Clarke County, GA Metro Area",33.2,218190,134162,29401,62897,111000,5045,91118,6099,280900,0.04545045045045045,0.06693518294958187,0.21914551065130217,11.049253746797524,12.293121521816696,1102.2400000000002
12060,"Atlanta-Sandy Springs-Roswell, GA Metro Area",37,6176937,4142821,1052716,86338,3287177,163200,2462125,181378,335100,0.04964746346180933,0.07366725897344774,0.2541060789254472,11.366025104606752,15.636333075500236,1369
12100,"Atlantic City-Hammonton, NJ Metro Area",44.4,369940,265414,56739,80600,187322,14284,231727,78646,302600,0.07625372353487578,0.3393907485964087,0.21377546022440413,11.297253928494719,12.82109610930854,1971.36
12220,"Auburn-Opelika, AL Metro Area",33.8,196614,121536,26187,58991,94527,4091,87173,12078,224600,0.043278639965300916,0.13855207461025776,0.21546702211690363,10.985140168879203,12.188997694739708,1142.4399999999998
12260,"Augusta-Richmond County, GA-SC Metro Area",38.2,618022,420649,73182,66628,287859,17474,268250,42659,207300,0.06070333044997724,0.15902702702702703,0.17397402585053096,11.106880188596998,13.334279334511711,1459.2400000000002
12420,"Austin-Round Rock-San Marcos, TX Metro Area",35.9,2357497,1616126,510058,97638,1347895,57495,1001295,52646,434800,0.042655399715853234,0.052577911604472206,0.3156053426527387,11.489022040888669,14.673111020954476,1288.81
12540,"Bakersfield-Delano, CA Metro Area",32.4,910433,558810,68949,67660,395704,33049,304481,23065,310600,0.08351949942381173,0.07575185315339873,0.12338540827830569,11.1222504423347,13.721675589500432,1049.76
12580,"Baltimore-Columbia-Towson, MD Metro Area",38.9,2839409,1972838,460896,97300,1504269,70197,1195538,87716,373300,0.046665190866793105,0.07336947884550721,0.23362080414103945,11.485554268174097,14.859106489890323,1513.2099999999998
12620,"Bangor, ME Metro Area",42.5,153571,110847,20953,63248,77748,3175,75405,10636,193800,0.04083706333281885,0.14105165439957562,0.18902631555206725,11.054818785536467,11.941918279787018,1806.25
12700,"Barnstable Town, MA Metro Area",55.1,230073,182012,46953,94452,118753,5492,165661,62680,575900,0.0462472527009844,0.37836304259904263,0.25796650770278884,11.455847047930451,12.346151928851715,3036.01
12940,"Baton Rouge, LA Metro Area",36,871379,567496,106900,68910,429685,28116,380325,54180,232300,0.06543398070679685,0.14245710905146913,0.18837137178059404,11.140556584351254,13.677832293224299,1296
12980,"Battle Creek, MI Metro Area",40.2,133846,91704,13333,60385,63247,4276,59626,6195,151500,0.06760794978417949,0.10389762855130312,0.14539169501875598,11.008496008709475,11.804445164303226,1616.0400000000002
13020,"Bay City, MI Metro Area",43.8,103235,75148,10924,60523,50453,2304,48620,3703,135100,0.04566626365131905,0.07616207322089676,0.14536647681907702,11.010778737063674,11.54476322181898,1918.4399999999998
13140,"Beaumont-Port Arthur, TX Metro Area",37.6,396058,264780,36009,65245,176219,9982,171718,24475,164300,0.05664542415971036,0.14253019485435423,0.13599592114208023,11.085904693896348,12.889315944158183,1413.7600000000002
13220,"Beckley, WV Metro Area",43.3,113653,81508,10053,52345,44440,2687,53771,8600,123400,0.06046354635463547,0.15993751278570234,0.12333758649457723,10.865611700753455,11.64090522576468,1874.8899999999996
13380,"Bellingham, WA Metro Area",38.2,228432,155393,36442,80989,119342,6050,101928,9517,536100,0.05069464228854888,0.0933698296836983,0.2345150682463174,11.30206862196345,12.338993852029,1459.2400000000002
13460,"Bend, OR Metro Area",42.9,253650,187049,46400,85509,129625,6481,119043,16540,550400,0.04999807135969142,0.13894139092596794,0.2480633416912146,11.356376912542968,12.443710642994835,1840.4099999999999
13740,"Billings, MT Metro Area",39.7,187269,130251,29716,74599,98015,3439,84451,6594,322700,0.035086466357190225,0.07808078057098199,0.22814412173419013,11.21988238127627,12.140301364856706,1576.0900000000001
13780,"Binghamton, NY Metro Area",40.4,245844,165470,26800,63347,116161,7409,114855,12860,146700,0.06378216440974165,0.11196726307082844,0.1619628935758748,11.056382828668998,12.4124524674172,1632.1599999999999
13820,"Birmingham, AL Metro Area",39,1181432,808313,164788,69627,572449,25868,522829,62082,226200,0.04518830498437416,0.11874245690273492,0.20386657148901477,11.150907702131205,13.982237819995973,1521
13900,"Bismarck, ND Metro Area",38,134286,91124,23471,83982,71558,1856,59633,5016,295500,0.025937002152100395,0.08411450036053862,0.25757209955664806,11.3383577691487,11.807727132848184,1444
13980,"Blacksburg-Christiansburg-Radford, VA Metro Area",34.9,181605,112841,20237,64627,88837,3283,81987,11952,228400,0.03695532266960838,0.14577920889897178,0.17934084242429613,11.076387559107486,12.10958927780995,1218.01
14010,"Bloomington, IL Metro Area",34.2,170882,105692,33000,78329,88961,2691,75120,6048,198300,0.03024921032812131,0.08051118210862619,0.3122279831964576,11.26867318377909,12.048728538805324,1169.64
14020,"Bloomington, IN Metro Area",33.2,161256,98744,21494,62949,84614,4575,74718,7856,242800,0.05406906658472593,0.10514200058888086,0.21767398525480028,11.050080153722805,11.990748443268096,1102.2400000000002
14260,"Boise City, ID Metro Area",37.4,790640,531687,129077,82694,406219,12839,308834,14092,434400,0.03160610409655875,0.04562969103142789,0.24276877185261253,11.322902326989235,13.580598023050065,1398.76
14460,"Boston-Cambridge-Newton, MA-NH Metro Area",39.3,4917661,3479921,956390,112484,2809193,135677,2046121,120647,610900,0.04829750038534198,0.05896376607248545,0.27483095162217763,11.63056626828985,15.408343568922925,1544.4899999999998
14500,"Boulder, CO Metro Area",37.5,328317,219110,75524,102772,186019,8593,142809,7579,713900,0.04619420596820755,0.053070884888207326,0.3446853178768655,11.540268221361936,12.70173488405584,1406.25
14540,"Bowling Green, KY Metro Area",35.6,183194,116859,19870,62437,92480,4594,79695,8119,219400,0.04967560553633218,0.10187590187590187,0.17003397256522818,11.041913327350837,12.118300979594135,1267.3600000000001
14580,"Bozeman, MT Metro Area",33.8,122194,79165,26317,87454,72044,1689,55589,5558,604900,0.023444006440508577,0.09998380974653259,0.33243226173182594,11.378868219823786,11.713365224677862,1142.4399999999998
14740,"Bremerton-Silverdale-Port Orchard, WA Metro Area",39.9,276581,196424,45717,98546,127276,6125,115329,8065,505700,0.04812376253182061,0.069930373106504,0.23274650755508491,11.49827872322339,12.53025900460254,1592.01
14860,"Bridgeport-Stamford-Danbury, CT Metro Area",41,947528,653985,181451,111656,517289,31665,375786,25172,530800,0.0612133642895944,0.06698493291394571,0.27745437586488986,11.623177995188481,13.761611766953271,1681
15180,"Brownsville-Harlingen, TX Metro Area",32.4,423192,254070,35367,51334,182627,10484,157565,22130,120000,0.057406626621474374,0.14044997302700474,0.13920179478096587,10.846108579656313,12.955581255755868,1049.76
15260,"Brunswick-St. Simons, GA Metro Area",43.6,114345,82013,12781,64819,50852,2129,57961,11724,221400,0.041866593251002913,0.2022739428236228,0.15584114713521027,11.079354049239294,11.646975473090484,1900.96
15380,"Buffalo-Cheektowaga, NY Metro Area",40.7,1161385,824795,162113,70572,594953,29977,540322,40118,209600,0.050385492635552726,0.07424831859520804,0.19654944561982068,11.164388744247956,13.965123816389807,1656.4900000000002
15500,"Burlington, NC Metro Area",38.7,174286,117453,22130,64445,88133,4305,75456,7015,221200,0.04884662952583028,0.09296808736217133,0.18841579184865437,11.07356742583888,12.068452906997045,1497.6900000000003
15540,"Burlington-South Burlington, VT Metro Area",38.3,226603,155079,44081,90911,129923,4569,102176,9050,370400,0.035166983521008596,0.08857265894143439,0.2842486732568562,11.417636284945406,12.330954866676402,1466.8899999999999
15940,"Canton-Massillon, OH Metro Area",42.1,400495,281389,44111,65666,199016,7715,180916,14074,177400,0.03876572737870322,0.07779300891021247,0.15676163602699467,11.092336566716217,12.900456561018114,1772.41
15980,"Cape Coral-Fort Myers, FL Metro Area",49.3,792692,599971,112874,73099,357140,14873,430243,110655,326300,0.041644733157865266,0.25719186599200916,0.18813242640060937,11.199569965753739,13.583190026683997,2430.49
16020,"Cape Girardeau, MO-IL Metro Area",38.1,97813,64150,12379,67267,50276,1691,43903,5646,195200,0.03363433845174636,0.12860169008951552,0.19296960249415432,11.116425053622645,11.49081277152463,1451.6100000000001
16180,"Carson City, NV Metro Area",42.1,58364,42169,6595,71809,28396,1176,24902,1250,426700,0.04141428370192985,0.05019677134366717,0.15639450781379685,11.181765095370302,10.974454540383913,1772.41
16220,"Casper, WY Metro Area",38.2,79735,54406,9214,71247,41805,1568,37101,3816,260400,0.03750747518239445,0.1028543705021428,0.16935632099400802,11.173907991981288,11.286463915182072,1459.2400000000002
16300,"Cedar Rapids, IA Metro Area",39.3,275960,189591,42034,77084,148792,5221,121966,8695,202100,0.03508925211032851,0.07129035960841545,0.221708836389913,11.252651015317811,12.528011206660045,1544.4899999999998
16540,"Chambersburg, PA Metro Area",42.2,156626,110515,15824,74946,77876,2782,66787,3759,236300,0.03572345780471519,0.05628340844775181,0.14318418314255985,11.224523133193964,11.961616076854764,1780.8400000000001
16580,"Champaign-Urbana, IL Metro Area",32.3,236196,141728,28948,64558,119757,5347,107994,11638,194400,0.04464874704610169,0.10776524621738244,0.2042503951230526,11.075319323529648,12.372417247800987,1043.2899999999997
16620,"Charleston, WV Metro Area",43.9,207456,149983,23636,58089,91740,5461,104500,16840,128900,0.05952692391541312,0.16114832535885168,0.15759119366861576,10.969731596171508,12.242674547974723,1927.2099999999998
16700,"Charleston-North Charleston, SC Metro Area",38.1,817756,570635,142278,82272,421330,16085,370246,42826,345400,0.03817672608169369,0.11566904166419084,0.2493327608716605,11.317786110065615,13.61431928257946,1451.6100000000001
16740,"Charlotte-Concord-Gastonia, NC-SC Metro Area",37.9,2712818,1848090,469692,80201,1450468,64865,1139944,90139,319400,0.044720048977295604,0.07907318254230032,0.2541499602292096,11.2922912626048,14.813498504982405,1436.4099999999999
16820,"Charlottesville, VA Metro Area",39.3,222937,153164,40896,90552,115180,4214,99882,10486,397600,0.036586212884181284,0.10498388097955588,0.2670079130866261,11.413679550312256,12.314644499317684,1544.4899999999998
16860,"Chattanooga, TN-GA Metro Area",40.4,569333,401795,79058,68666,286185,12634,251533,24069,246000,0.04414626902178661,0.09568923361944556,0.19676203038863102,11.137009450318613,13.252220779182277,1632.1599999999999
16940,"Cheyenne, WY Metro Area",38.2,100661,68915,13646,77884,50286,1674,45032,2529,324900,0.03328958358191147,0.05616006395452123,0.1980120438220997,11.262975819235512,11.51951371471375,1459.2400000000002
16980,"Chicago-Naperville-Elgin, IL-IN Metro Area",38.4,9359555,6448476,1571320,88850,5014970,303952,3886535,270907,301900,0.060608936843091786,0.06970399082987802,0.24367307872433736,11.394704833582797,16.05190830458854,1474.56
17020,"Chico, CA Metro Area",36.3,209470,136246,28185,68574,101141,7192,91176,8831,408700,0.07110865030007613,0.09685662893743968,0.20686845852355298,11.135668733125653,12.252335809999812,1317.6899999999998
17140,"Cincinnati, OH-KY-IN Metro Area",38.2,2255257,1523760,345663,79490,1174743,50518,961797,62524,240200,0.04300344841382328,0.06500748078856557,0.22684871633328083,11.283386506567158,14.628774493382819,1459.2400000000002
17300,"Clarksville, TN-KY Metro Area",31.9,328626,204142,35608,66210,140185,8033,133856,12674,229400,0.05730284980561401,0.09468383934974899,0.17442760431464374,11.100586787918893,12.702675605009675,1017.6099999999999
17410,"Cleveland, OH Metro Area",41.6,2171978,1541948,308055,68507,1125405,65049,1016658,89264,201000,0.05780052514428139,0.08780140420869162,0.19978300176140829,11.134691208810318,14.591148831071221,1730.5600000000002
17420,"Cleveland, TN Metro Area",40.2,127445,88359,12543,63490,62679,3546,54267,5214,218500,0.05657397214378021,0.09608049090607551,0.14195497911927477,11.058637692164496,11.755440177963695,1616.0400000000002
17660,"Coeur d'Alene, ID Metro Area",40.8,177736,124748,23688,77034,85768,2804,78013,8909,467400,0.03269284581662158,0.1141989155653545,0.18988681181261424,11.252002161819139,12.088054582256964,1664.6399999999999
17780,"College Station-Bryan, TX Metro Area",28.4,273280,151102,33510,59691,138473,6531,117162,14518,261900,0.047164429166696754,0.12391389699731994,0.2217707244113248,10.996936534247357,12.518252189582341,806.56
17820,"Colorado Springs, CO Metro Area",35.4,760782,506237,126042,87180,378309,20415,310269,15842,431600,0.05396382322387255,0.05105891984052548,0.24897824536728844,11.375730225792383,13.542102130627438,1253.1599999999999
17860,"Columbia, MO Metro Area",33.1,212850,130980,35027,69463,113598,4304,92569,7847,242500,0.03788799098575679,0.08476919919195411,0.26742250725301575,11.148549515690757,12.268342971256299,1095.6100000000001
17900,"Columbia, SC Metro Area",37.5,839868,559923,116586,66146,420337,23074,373131,38753,213400,0.05489404929853903,0.10385896642198049,0.2082179156776914,11.099619699082902,13.641000015614122,1406.25
17980,"Columbus, GA-AL Metro Area",36.1,326136,217743,34819,57762,138538,8747,144950,18794,184900,0.06313791161991655,0.12965850293204553,0.15990869970561625,10.964086399006021,12.695069751268443,1303.21
18020,"Columbus, IN Metro Area",37.7,82881,56045,11362,80365,42894,1578,35517,2533,221100,0.03678836200867254,0.0713179604133232,0.20272994914800607,11.29433403700324,11.325161123057587,1421.2900000000002
18140,"Columbus, OH Metro Area",36.6,2151847,1454674,355537,79847,1152884,47218,915425,60133,274300,0.040956418859139344,0.06568861457792828,0.24441008775849435,11.287867582492789,14.58183710108205,1339.5600000000002
18580,"Corpus Christi, TX Metro Area",37.4,446797,298507,44872,65801,209811,11369,198858,31854,195400,0.05418686341516889,0.16018465437648977,0.15032143299822115,11.094390314766315,13.009859631741033,1398.76
18700,"Corvallis, OR Metro Area",33.8,96359,59446,17133,76011,50556,3400,40565,2279,481700,0.06725215602500198,0.05618143719955627,0.28821114961477645,11.238633345637208,11.475836078924855,1142.4399999999998
18880,"Crestview-Fort Walton Beach-Destin, FL Metro Area",39.2,294127,206158,44534,79150,136438,5068,161369,44587,333800,0.03714507688473886,0.2763046186070435,0.21601878171111477,11.279100065309159,12.591766925836549,1536.6400000000003
19100,"Dallas-Fort Worth-Arlington, TX Metro Area",35.5,7807555,5114705,1253820,87155,4190448,189453,3030663,204785,330300,0.04521067914456879,0.06757102323814954,0.24514023780452637,11.375443421648965,15.870602412623043,1260.25
19140,"Dalton, GA Metro Area",37.2,143400,94441,9753,65715,70269,3735,55617,4258,190800,0.05315288391751697,0.07655932538612295,0.10327082517127095,11.093082488916108,11.873393207147657,1383.8400000000001
19300,"Daphne-Fairhope-Foley, AL Metro Area",43.7,239945,171988,35348,75019,113171,3615,128518,33876,287000,0.03194281220454003,0.2635895360961111,0.2055259669279252,11.22549669376831,12.388165009394768,1909.6900000000003
19340,"Davenport-Moline-Rock Island, IA-IL Metro Area",40.2,381864,263087,48830,71925,192971,8607,174359,13818,170000,0.04460255686087547,0.07925028246319375,0.18560400171806285,11.18337918841975,12.852819803255802,1616.0400000000002
19430,"Dayton-Kettering-Beavercreek, OH Metro Area",39.1,813608,558510,103153,69752,408075,21064,371428,29239,186200,0.05161796238436562,0.07872050572385496,0.1846932015541351,11.15270137310765,13.609233956509836,1528.8100000000002
19460,"Decatur, AL Metro Area",40.8,156924,108473,15410,63987,72026,2592,68886,6989,185000,0.03598700469274984,0.10145748047498766,0.14206300185299567,11.066435216709133,11.963516890694503,1664.6399999999999
19500,"Decatur, IL Metro Area",40.9,102591,70727,11341,62449,47245,3361,49699,6365,121800,0.07113980315377288,0.12807098734380973,0.16034894736097954,11.04210550261527,11.538505488572998,1672.81
19660,"Deltona-Daytona Beach-Ormond Beach, FL Metro Area",47.8,689939,517931,94056,67599,312252,12322,336371,48679,287200,0.039461716818467135,0.14471818319653001,0.18159947946734217,11.121348469022232,13.444358466868318,2284.8399999999997
19740,"Denver-Aurora-Centennial, CO Metro Area",37.2,2977085,2100262,636282,102339,1728362,74160,1268353,67147,570300,0.04290767790543879,0.05294030920414112,0.3029536314993082,11.536046110960942,14.906455191824099,1383.8400000000001
19780,"Des Moines-West Des Moines, IA Metro Area",36.7,720331,481410,127163,84209,398062,16059,308705,19254,252400,0.04034296164919033,0.06237022400025915,0.2641469848985272,11.34105708287931,13.487466107574575,1346.89
19820,"Detroit-Warren-Dearborn, MI Metro Area",40.2,4367620,3060702,624435,75123,2208079,142659,1914787,159415,237100,0.06460774274833464,0.08325469099173956,0.20401692160818008,11.226882049186957,15.28972879628548,1616.0400000000002
20020,"Dothan, AL Metro Area",41.4,151804,106181,14279,56772,67996,3045,71480,11665,163700,0.04478204600270604,0.16319250139899272,0.13447791977849144,10.946798525419148,11.930345494057633,1713.9599999999998
20100,"Dover, DE Metro Area",38.5,185043,124582,20394,72872,89005,4868,74997,4944,290600,0.054693556541767316,0.06592263690547621,0.1636994108298149,11.196459756424646,12.128343509484662,1482.25
20220,"Dubuque, IA Metro Area",38.8,98948,66561,14411,75919,53585,2022,43003,2418,226100,0.03773444060837921,0.056228635211496875,0.21650816544222592,11.237422261437313,11.502349738598044,1505.4399999999998
20260,"Duluth, MN-WI Metro Area",41.6,280710,195908,39451,71067,142633,6071,142751,23568,208900,0.04256378257485995,0.16509866831055475,0.20137513526757458,11.171378373026236,12.545077386938068,1730.5600000000002
20500,"Durham-Chapel Hill, NC Metro Area",37.6,594291,407395,107279,81017,314673,12176,264772,21350,359400,0.038694136452762075,0.08063541462088136,0.26332920138931504,11.302414288176784,13.295124377373348,1413.7600000000002
20580,"Eagle Pass, TX Metro Area",30.2,57770,33346,3794,51270,24275,1847,20258,1938,151500,0.076086508753862,0.09566590976404384,0.11377676482936484,10.844861064777746,10.96422488877531,912.04
20740,"Eau Claire, WI Metro Area",38.2,172886,115827,24425,72513,94215,2882,74835,5007,240700,0.03058960887332166,0.06690719583082783,0.21087483919984115,11.191521135113415,12.06038769673308,1459.2400000000002
20940,"El Centro, CA Metro Area",33,179319,110582,12731,56393,70148,8809,57511,8667,279500,0.12557735074414095,0.15070160491036497,0.11512723589734315,10.940100316308259,12.09692162163103,1089
21060,"Elizabethtown, KY Metro Area",37.8,126480,84893,11977,67630,58018,3542,53912,4461,201100,0.06105001895963322,0.08274595637334917,0.14108348155913916,11.121806950568986,11.747839471883353,1428.8399999999997
21140,"Elkhart-Goshen, IN Metro Area",35.5,206868,130799,16723,65617,101598,3492,80102,8342,194400,0.034370755329829326,0.10414221867119423,0.1278526594240017,11.09159008770103,12.239836187682979,1260.25
21300,"Elmira, NY Metro Area",41.9,82805,58452,8778,63469,39010,2475,39143,4227,132100,0.06344527044347603,0.10798865697570446,0.15017450215561487,11.05830687670137,11.32424372502359,1755.61
21340,"El Paso, TX Metro Area",33.3,869606,544907,93069,58800,397668,24736,321942,24754,167000,0.06220264139935826,0.07688962608171658,0.17079795267816342,10.981897133886719,13.675795514489344,1108.8899999999999
21420,"Enid, OK Metro Area",35.7,62322,40397,6251,67302,29590,1250,27782,3872,149800,0.042244001351808044,0.13937081563602333,0.1547392133079189,11.11694523287328,11.040069772455867,1274.4900000000002
21500,"Erie, PA Metro Area",40.1,269544,186451,34597,61476,129705,7185,120019,9913,169500,0.05539493465941945,0.08259525575117273,0.185555454248033,11.026402133727203,12.504486921310981,1608.0100000000002
21660,"Eugene-Springfield, OR Metro Area",40.2,382628,266887,52544,69311,195167,13241,168316,8807,395800,0.06784446140997197,0.05232419971957508,0.19687733010599992,11.146358902740426,12.854818516791951,1616.0400000000002
21780,"Evansville, IN Metro Area",39.9,269721,186207,34757,67671,138936,5337,122457,10292,190800,0.038413370184833304,0.08404582833157762,0.18665785926415226,11.122413006714247,12.505143370390215,1592.01
21820,"Fairbanks-College, AK Metro Area",32.4,95555,61207,12151,84722,42991,2118,42695,6519,282500,0.04926612546812124,0.1526876683452395,0.19852304474978352,11.347130587173226,11.467457276923081,1049.76
22020,"Fargo, ND-MN Metro Area",33,254914,159504,45246,75523,150075,4862,114738,7131,276600,0.03239713476595036,0.06215029022642891,0.28366686728859464,11.232192524606653,12.448681512355378,1089
22140,"Farmington, NM Metro Area",38,121178,80157,7897,53020,50099,3887,48085,7032,185100,0.07758637896964012,0.14624103150670686,0.09851915615604376,10.878424479843016,11.705015817989123,1444
22180,"Fayetteville, NC Metro Area",32.1,389851,244233,41582,58909,156376,11985,163767,16886,185900,0.07664219573336062,0.10310990614714809,0.1702554527848407,10.983749159324974,12.873519893823593,1030.41
22220,"Fayetteville-Springdale-Rogers, AR Metro Area",34.6,563436,360911,78933,77979,288718,10578,229369,19854,273400,0.036637826529693336,0.08655921244806404,0.2187048884628066,11.264194838653388,13.241809030146612,1197.16
22380,"Flagstaff, AZ Metro Area",32.4,144643,87596,20482,69748,73416,4867,69907,16265,413200,0.06629345101885148,0.2326662565980517,0.2338234622585506,11.152644025437384,11.882023916561351,1049.76
22420,"Flint, MI Metro Area",40.6,404087,280372,41695,60673,188955,15690,183729,17354,172900,0.08303564340716044,0.09445433219578836,0.14871313825916996,11.013254067546377,12.909385480294205,1648.3600000000001
22500,"Florence, SC Metro Area",39.9,199675,135807,18913,53874,90884,4867,91063,13467,158800,0.053551780291360415,0.14788662793889945,0.1392638081983992,10.894403265748863,12.20444632378559,1592.01
22520,"Florence-Muscle Shoals, AL Metro Area",41.3,152685,105909,15955,58049,72123,2660,72688,9694,175800,0.036881438653411536,0.13336451683909312,0.15064819798128581,10.969042760448804,11.93613225455455,1705.6899999999998
22540,"Fond du Lac, WI Metro Area",41.9,104053,72965,10972,73154,55003,1690,45908,2892,209800,0.030725596785629875,0.06299555633005141,0.15037346673062427,11.2003220871132,11.552655663698305,1755.61
22660,"Fort Collins-Loveland, CO Metro Area",36.6,363561,243809,75554,91364,204039,9240,161882,10311,532200,0.045285460132621705,0.06369454293868373,0.3098901189045523,11.422606806768524,12.803702374806544,1339.5600000000002
22900,"Fort Smith, AR-OK Metro Area",38.7,228916,154832,21392,56717,103687,5702,100960,10831,160100,0.05499242913769325,0.10728011093502378,0.1381626537149943,10.945829268410877,12.341110403017241,1497.6900000000003
23060,"Fort Wayne, IN Metro Area",36.8,451440,297539,59385,69378,232318,10340,191399,11927,194000,0.044507958918379116,0.06231485012983349,0.19958728099509643,11.147325093357017,13.020197752643021,1354.2399999999998
23420,"Fresno, CA Metro Area",33.4,1170942,731484,110576,71897,532788,46936,392371,25695,363300,0.08809507721645382,0.06548649110153401,0.15116666940083448,11.182989818221118,13.973319111037219,1115.56
23460,"Gadsden, AL Metro Area",41.8,103208,72570,7698,53070,46145,2911,47487,8327,160600,0.06308375772022971,0.1753532545749363,0.10607689127738736,10.879367075821941,11.544501648404973,1747.2399999999998
23540,"Gainesville, FL Metro Area",34.3,344521,217718,44226,58946,167348,7069,154596,16931,245800,0.042241317494084184,0.10951771067815468,0.20313432972928283,10.984377049549666,12.749910325488006,1176.4899999999998
23580,"Gainesville, GA Metro Area",38.2,208395,138951,23186,77430,103928,4083,79233,7970,313600,0.03928681394811793,0.10058940088094608,0.16686457816064657,11.257129581380768,12.247190596251071,1459.2400000000002
23900,"Gettysburg, PA Metro Area",43.8,105183,74009,10664,81071,54712,1685,43377,2966,256100,0.03079763123263635,0.06837725061668626,0.144090583577673,11.303080592924797,11.563456969269376,1918.4399999999998
24020,"Glens Falls, NY Metro Area",45.8,126443,94674,14913,74953,63410,2874,69288,14993,218600,0.04532408137517742,0.21638667590347535,0.15751948792699158,11.224616529414154,11.747546892716857,2097.64
24140,"Goldsboro, NC Metro Area",37.4,117606,78414,11536,58082,52760,2856,53134,6246,162700,0.054131918119787716,0.11755185003952272,0.14711658632387073,10.969611084167505,11.67509533355333,1398.76
24220,"Grand Forks, ND-MN Metro Area",33.1,103669,64037,14371,68653,56427,1666,48406,4913,232900,0.029524872844560228,0.10149568235342726,0.22441713384449616,11.13682011016847,11.548958410278544,1095.6100000000001
24260,"Grand Island, NE Metro Area",37,76619,49857,6780,67397,39718,1205,31854,1744,201600,0.030338889168638906,0.05474979594399448,0.1359889283350382,11.118355785524026,11.246600366746865,1369
24300,"Grand Junction, CO Metro Area",40.8,157316,111117,23024,71485,78680,4022,68861,4302,349400,0.051118454499237416,0.062473678860312805,0.2072050181340389,11.177242916463264,11.966011800338952,1664.6399999999999
24340,"Grand Rapids-Wyoming-Kentwood, MI Metro Area",36.6,1154320,769986,177335,80296,612503,25124,463653,27218,261600,0.041018574602899906,0.058703383780542774,0.23030938224850842,11.293475085493636,13.959021983971137,1339.5600000000002
24420,"Grants Pass, OR Metro Area",47.5,88069,65715,8115,59097,36330,2821,39217,2881,383100,0.07764932562620423,0.0734630389881939,0.12348778817621547,10.986935440684466,11.385875877130749,2256.25
24500,"Great Falls, MT Metro Area",38.3,84601,58110,10618,66203,39865,1195,39248,4339,243300,0.029976169572306536,0.11055340399510803,0.18272242299087937,11.100481058118849,11.345701365855424,1466.8899999999999
24540,"Greeley, CO Metro Area",35.2,340711,222955,45440,93287,183049,8676,125033,5014,444500,0.04739714502674147,0.0401014132269081,0.20380794330694535,11.44343604165039,12.738789889596896,1239.0400000000002
24580,"Green Bay, WI Metro Area",39.2,329375,225719,47295,77459,177053,4709,147446,12281,238700,0.026596555833563962,0.08329151011217666,0.20953043385802703,11.257504043096436,12.704952198277764,1536.6400000000003
24660,"Greensboro-High Point, NC Metro Area",38.9,779894,526403,105077,63083,392693,18534,342062,30267,207600,0.047197174383042224,0.08848395904835965,0.1996132240887685,11.052206598601773,13.566913291994984,1513.2099999999998
24780,"Greenville, NC Metro Area",33.6,172279,106434,20921,58851,87594,6614,81656,8252,194300,0.0755074548485056,0.10105809738414813,0.19656312832365597,10.982764104897495,12.056870534646905,1128.96
24860,"Greenville-Anderson-Greer, SC Metro Area",38.8,945301,641750,134905,69016,473129,20538,413652,38049,242700,0.04340888003060476,0.09198311624263875,0.2102142578885859,11.142093640756414,13.759258674278144,1505.4399999999998
25020,"Guayama, PR Metro Area",43.2,67171,49311,7968,20430,20436,1671,34381,7040,97900,0.08176746917204933,0.20476425932928072,0.16158666423313256,9.924759687811667,11.114996885748722,1866.2400000000002
25060,"Gulfport-Biloxi, MS Metro Area",39.5,418452,286899,44950,61266,193130,14101,187371,22603,192000,0.07301299642727696,0.1206323283752555,0.15667534567914143,11.022980318783594,12.944317466993152,1560.25
25180,"Hagerstown-Martinsburg, MD-WV Metro Area",40.4,298525,209291,29831,75473,149777,7099,125658,9652,258300,0.047397130400528786,0.07681166340384217,0.1425336015404389,11.231530255383264,12.606608960401585,1632.1599999999999
25220,"Hammond, LA Metro Area",35.7,135218,88549,12994,57256,61655,3279,58663,8472,204600,0.0531830346281729,0.144418117041406,0.14674361088211046,10.955287719418433,11.814643569823852,1274.4900000000002
25260,"Hanford-Corcoran, CA Metro Area",32.3,152830,95545,8991,68750,58943,5787,46695,2959,305700,0.0981795972380096,0.06336866902237927,0.0941022554817102,11.138232015528818,11.937081471521882,1043.2899999999997
25420,"Harrisburg-Carlisle, PA Metro Area",40.1,597894,416722,91964,79281,309839,11920,257534,14352,239100,0.03847159331136493,0.05572856399543361,0.22068429312587287,11.280753782446014,13.301168759695713,1608.0100000000002
25500,"Harrisonburg, VA Metro Area",34.8,136231,84187,14673,72145,70014,3077,54749,5370,284800,0.04394835318650556,0.09808398326910081,0.174290567427275,11.186433261731356,11.822107253260215,1211.0399999999997
25540,"Hartford-West Hartford-East Hartford, CT Metro Area",41,1144012,805745,187435,92823,621751,31384,498040,35330,309300,0.05047679858978916,0.07093807726287045,0.23262322446928,11.438449732893423,13.950051940377355,1681
25620,"Hattiesburg, MS Metro Area",35.3,154567,99076,17169,59008,75328,4369,66658,7331,182400,0.057999681393372984,0.10997929730865012,0.17329121078767815,10.985428306916265,11.948382938275863,1246.0899999999997
25740,"Helena, MT Metro Area",42.4,92391,66195,17471,74040,46755,1633,42389,3956,363400,0.034926745802587957,0.09332609875203472,0.263932321172294,11.212360766687434,11.433784850288433,1797.76
25860,"Hickory-Lenoir-Morganton, NC Metro Area",43.4,366972,262495,38585,60255,177969,8115,165443,17708,193400,0.04559782883535897,0.10703384247142521,0.1469932760624012,11.006340835461492,12.813040829848221,1883.56
25940,"Hilton Head Island-Bluffton-Port Royal, SC Metro Area",46.8,222781,160996,40056,81015,97158,3168,115045,23831,393100,0.032606681899586244,0.20714503020557173,0.2488012124524833,11.3023896016951,12.313944505122386,2190.24
25980,"Hinesville, GA Metro Area",29.4,84338,49639,6095,60329,32730,2440,33833,4591,183500,0.07454934311029636,0.13569591818638607,0.12278651866475956,11.007568195796024,11.342587813478948,864.3599999999999
26140,"Homosassa Springs, FL Metro Area",56.9,158693,126772,16064,55355,54846,3748,83417,13716,223200,0.06833679757867483,0.16442691537696152,0.12671567854100274,10.921522268293566,11.974726797161106,3237.6099999999997
26300,"Hot Springs, AR Metro Area",45.3,100062,72924,12092,55409,45246,2656,52570,8808,176400,0.058701321663793486,0.1675480311964999,0.16581646645823048,10.922497314414658,11.513545272849635,2052.0899999999997
26380,"Houma-Bayou Cane-Thibodaux, LA Metro Area",38.2,204032,137396,17294,64269,92825,4713,88400,9162,189900,0.05077295987072448,0.10364253393665158,0.12586974875542228,11.07083267888533,12.226032123269778,1459.2400000000002
26420,"Houston-Pasadena-The Woodlands, TX Metro Area",35.3,7274714,4718703,1043551,80458,3711191,221170,2839496,237608,275200,0.059595423679352534,0.08367963892183683,0.22115208352803725,11.295490588123,15.799915057534289,1246.0899999999997
26580,"Huntington-Ashland, WV-KY-OH Metro Area",41.8,372801,260388,34460,58483,161603,7926,173587,23496,149000,0.04904611919333181,0.13535575820769988,0.13234096809376777,10.976491392697485,12.82880004419341,1747.2399999999998
26620,"Huntsville, AL Metro Area",38.8,504712,348153,88161,83529,258023,9733,218196,15706,265000,0.03772144343721296,0.07198115455828705,0.25322487527035525,11.332949155931612,13.13174324854659,1505.4399999999998
26820,"Idaho Falls, ID Metro Area",33.2,161944,98433,21112,77300,76730,2747,58199,3905,325000,0.03580086015899909,0.06709737280709291,0.21448091595298324,11.255449234575513,11.995005875441413,1102.2400000000002
26900,"Indianapolis-Carmel-Greenwood, IN Metro Area",36.7,2106327,1407364,338705,77065,1115247,45535,898849,69809,244000,0.040829520276674136,0.07766488030803839,0.24066623844293303,11.25240450058082,14.560456230278088,1346.89
26980,"Iowa City, IA Metro Area",31.9,177420,107593,30716,74142,101172,3561,76849,5587,280400,0.03519748547028822,0.07270101107366393,0.28548325634567306,11.213737452332245,12.086275082074579,1017.6099999999999
27060,"Ithaca, NY Metro Area",32.8,102879,61514,15474,73012,52166,2778,47362,4093,271500,0.05325307671663536,0.08641949242008361,0.251552492115616,11.198379090182675,11.541308819361998,1075.84
27100,"Jackson, MI Metro Area",41.2,160187,112371,17268,65004,73712,4282,69188,7154,182900,0.05809094855654439,0.10339943342776203,0.15366954107376457,11.082204085445898,11.984097161759378,1697.4400000000003
27140,"Jackson, MS Metro Area",38.1,615908,412954,78591,60489,291650,17171,270686,34203,188500,0.0588753643065318,0.12635673806550762,0.19031417542874024,11.010216809306185,13.330852880712387,1451.6100000000001
27180,"Jackson, TN Metro Area",38.9,180844,122019,17124,58740,85646,5367,79784,8325,168600,0.06266492305536744,0.10434422941943247,0.14033879969512944,10.980876204752612,12.105390060164142,1513.2099999999998
27260,"Jacksonville, FL Metro Area",39.1,1645707,1146133,263239,77013,818454,34959,713833,70986,308900,0.04271345732319715,0.09944342724418737,0.22967578806299094,11.251729517754274,14.313680637083573,1528.8100000000002
27340,"Jacksonville, NC Metro Area",27.1,208537,113066,20233,64568,73831,4258,85917,13401,219500,0.057672251493275185,0.15597611648451412,0.17894857870624237,11.075474211004208,12.247871762510751,734.4100000000001
27500,"Janesville-Beloit, WI Metro Area",40.1,163944,113021,20000,74390,85572,3382,70694,4042,215900,0.03952227364091058,0.057175997963052026,0.17695826439334283,11.217076803185387,12.007280185079795,1608.0100000000002
27620,"Jefferson City, MO Metro Area",39.5,150147,103597,20742,72425,73564,2626,64648,6752,203900,0.03569680822141265,0.1044425194901621,0.20021815303531956,11.19030682263755,11.919370093191892,1560.25
27740,"Johnson City, TN Metro Area",42.1,208934,147916,25034,56096,100329,5460,98148,9923,199100,0.05442095505785964,0.10110241675836491,0.16924470645501502,10.934819787720961,12.249773691601268,1772.41
27780,"Johnstown, PA Metro Area",45.7,132355,95281,14657,56292,59838,2828,64494,8802,115900,0.047260937865570375,0.13647781188947808,0.1538291999454246,10.938307708116458,11.793242985558956,2088.4900000000002
27860,"Jonesboro, AR Metro Area",35.2,134837,87167,13276,55478,64471,3789,58401,6013,181200,0.05877061004172419,0.10296056574373727,0.15230534491263895,10.92374182475231,11.811821920509571,1239.0400000000002
27900,"Joplin, MO-KS Metro Area",38.2,202258,134825,21893,60146,98379,4164,87651,9473,157000,0.042326106181197205,0.10807634824474335,0.16238086408307065,11.004530218775948,12.21729938914464,1459.2400000000002
27980,"Kahului-Wailuku, HI Metro Area",42.9,164675,118961,23737,95049,85720,4760,72398,16891,858600,0.055529631357909476,0.23330754993231856,0.19953598238078027,11.462147827082694,12.011729113508894,1840.4099999999999
28020,"Kalamazoo-Portage, MI Metro Area",34.9,261437,166047,40744,70525,139811,7887,114463,8212,227500,0.05641187031063364,0.07174370757362641,0.2453763091172981,11.163722535870198,12.473948615679737,1218.01
28100,"Kankakee, IL Metro Area",39,106833,71806,8936,68325,52636,2667,45396,4501,185700,0.050668743825518656,0.09914970481980791,0.12444642508982537,11.132031010796268,11.57902214654508,1521
28140,"Kansas City, MO-KS Metro Area",37.8,2202006,1496767,365123,81927,1177412,47777,950404,68152,265400,0.040577979500803454,0.07170845240550335,0.2439411077342031,11.313583885841508,14.604879321056691,1428.8399999999997
28420,"Kennewick-Richland, WA Metro Area",34.4,307900,193968,34766,85881,146846,7508,112280,6466,362200,0.0511283930103646,0.057588172426077666,0.17923575022684154,11.360717896079558,12.637530333912592,1183.36
28450,"Kenosha, WI Metro Area",39.2,168413,114968,22620,79412,91041,4399,72897,5266,247800,0.048318889291637836,0.07223891243809759,0.19675040011133532,11.282404769316969,12.03417457496046,1536.6400000000003
28660,"Killeen-Temple, TX Metro Area",32.6,485850,302872,51171,67203,203972,14413,190840,18037,215000,0.07066165944345303,0.09451372877803396,0.1689525608177712,11.11547316837192,13.093655213267585,1062.76
28700,"Kingsport-Bristol, TN-VA Metro Area",45.6,309580,227991,35740,55948,139523,8056,149151,19257,182500,0.057739584154583835,0.1291107669408854,0.15676057388230238,10.932177966899195,12.642971819127869,2079.36
28740,"Kingston, NY Metro Area",44.2,182109,134325,27094,81804,90622,4619,86178,13073,315100,0.050969963143607515,0.15169764905196223,0.20170482039828774,11.312081421150786,12.112360687888144,1953.6400000000003
28880,"Kiryas Joel-Poughkeepsie-Newburgh, NY Metro Area",39.3,700984,470012,91391,96912,352095,18105,271096,18601,364400,0.05142078132322243,0.06861407029244253,0.1944439716432772,11.481558629220729,13.460240341219867,1544.4899999999998
28940,"Knoxville, TN Metro Area",40.5,919553,641713,124553,69734,454931,17675,412448,41421,255300,0.03885204569484164,0.10042720536891923,0.19409455628918224,11.152443282688543,13.731642961387141,1640.25
29020,"Kokomo, IN Metro Area",41,83610,57874,7730,62496,39481,2259,39795,4666,151500,0.05721739570932854,0.11725091091845709,0.1335660227390538,11.042857833676406,11.333918409144104,1681
29100,"La Crosse-Onalaska, WI-MN Metro Area",38.8,169945,112469,23432,71009,90081,2605,75928,5125,235300,0.028918417868362918,0.06749815614792962,0.20834185419982396,11.170561908553392,12.043230134273703,1505.4399999999998
29180,"Lafayette, LA Metro Area",37.2,410883,276700,52645,60910,197879,10686,185064,22301,206900,0.054002698618852936,0.12050425798642632,0.1902602096132996,11.01715264383053,12.926063781418893,1383.8400000000001
29200,"Lafayette-West Lafayette, IN Metro Area",30.8,225019,131070,26641,59895,114705,3444,96331,7064,204300,0.030024846344971885,0.07333049589436422,0.20325780117494469,11.000348308165432,12.32394012206577,948.6400000000001
29340,"Lake Charles, LA Metro Area",37.3,245973,163989,24925,67010,113347,6046,112016,21283,198900,0.053340626571501674,0.189999642908156,0.15199190189585887,11.112597140967216,12.412977052793298,1391.2899999999997
29420,"Lake Havasu City-Kingman, AZ Metro Area",53.2,217420,169454,15551,55799,81599,5662,119593,22694,253200,0.06938810524638782,0.18976027024993103,0.0917712181476979,10.929511227061862,12.289586245757992,2830.2400000000002
29460,"Lakeland-Winter Haven, FL Metro Area",39.6,760961,527470,80742,63644,348858,15310,329750,53107,240000,0.04388605105802361,0.16105231235784687,0.15307410848010314,11.061060334027747,13.542337387173157,1568.16
29540,"Lancaster, PA Metro Area",39.1,555151,377538,74352,83703,289633,9560,217863,7327,279400,0.03300728853411041,0.03363122696373409,0.19693911606248907,11.335030098129154,13.22699542779575,1528.8100000000002
29620,"Lansing-East Lansing, MI Metro Area",36.5,470434,308328,66735,70886,247693,13570,206585,13590,205400,0.05478556115836943,0.06578405983009415,0.21644158169222386,11.168828231809211,13.061410951866124,1332.25
29700,"Laredo, TX Metro Area",29.8,267731,152386,22416,62506,119744,6638,86727,7155,178900,0.05543492784607162,0.0825002594347781,0.14710012730828292,11.043017831116789,12.497738024074073,888.0400000000001
29740,"Las Cruces, NM Metro Area",34,221665,137719,24324,55663,100603,6941,91402,7872,205400,0.06899396638271224,0.08612503008686899,0.1766205098788112,10.9270709322979,12.308922512144623,1156
29820,"Las Vegas-Henderson-North Las Vegas, NV Metro Area",38.3,2293764,1592547,286282,73845,1158776,86020,935960,88582,400800,0.07423350155681513,0.09464293345869482,0.17976361137222324,11.20972358086041,14.645704694308625,1466.8899999999999
29940,"Lawrence, KS Metro Area",31.3,119547,70789,20500,68756,69668,3261,53308,3369,281600,0.04680771659872538,0.06319876941547235,0.2895930158640467,11.138319284448048,11.691464878468723,979.69
30020,"Lawton, OK Metro Area",34,127174,82385,12777,59060,50983,3408,55354,8585,151500,0.066845811348881,0.15509267622936013,0.15508891181647144,10.986309155297914,11.753311506479394,1156
30140,"Lebanon, PA Metro Area",41.3,143592,99085,15036,76350,71680,2969,59582,3736,227300,0.04142020089285714,0.06270350105736631,0.15174849876368773,11.243083310646778,11.874731223737978,1705.6899999999998
30300,"Lewiston, ID-WA Metro Area",42.3,64901,46123,7800,70694,30914,1193,28661,1973,289400,0.038590929675875005,0.06883918914203971,0.16911302387095375,11.166115982653952,11.080618310893968,1789.2899999999997
30340,"Lewiston-Auburn, ME Metro Area",40.8,112323,78143,12348,67298,58666,2493,50202,3570,232000,0.04249480107728497,0.0711127046731206,0.1580179926544924,11.11688579750922,11.629133928304658,1664.6399999999999
30460,"Lexington-Fayette, KY Metro Area",36.6,517378,342751,80105,70717,275738,12697,229005,15633,258900,0.046047334788821274,0.06826488504617803,0.2337119366537224,11.166441275597258,13.156529027536276,1339.5600000000002
30500,"Lexington Park, MD Metro Area",38.5,208163,141534,27939,123577,108473,3725,82038,6810,414100,0.034340342758105706,0.08301031229430264,0.19740133112891603,11.72461972254753,12.246076705633257,1482.25
30620,"Lima, OH Metro Area",39.7,101685,68410,8513,62001,48961,2865,44697,3769,158400,0.05851596168378914,0.08432333266214735,0.12444087121765823,11.034905792929415,11.529635078533175,1576.0900000000001
30700,"Lincoln, NE Metro Area",34.4,341309,214143,56071,73095,189812,5862,145370,6563,257500,0.030883189682422606,0.04514686661622068,0.26183905147494896,11.199515243945717,12.740543504309795,1183.36
30780,"Little Rock-North Little Rock-Conway, AR Metro Area",37.4,753605,506316,102574,65309,366809,16127,340840,34320,199300,0.04396566060265697,0.10069240699448422,0.20258889705243366,11.086885131188605,13.532623637041812,1398.76
30860,"Logan, UT-ID Metro Area",26.4,151746,79645,19549,77520,77474,1805,50576,2588,386700,0.023298138730412785,0.051170515659601394,0.2454516918827296,11.258291246564648,11.92996334943101,696.9599999999999
30980,"Longview, TX Metro Area",38,288921,191530,27182,65210,133688,5859,121822,15558,178200,0.04382592304470109,0.12771092249347407,0.1419203257975252,11.085368110387249,12.573908573324514,1444
31020,"Longview-Kelso, WA Metro Area",41.1,111539,77987,8973,72932,49301,2538,45884,2475,367400,0.051479686010425754,0.05394037137128411,0.11505763781143011,11.197282779159096,11.622129584509775,1689.21
31080,"Los Angeles-Long Beach-Anaheim, CA Metro Area",38.2,13012469,9117096,2175480,93525,6888495,455764,4762557,297649,825300,0.06616307335637174,0.06249772968596491,0.2386154538682054,11.445984059216347,16.381418609577835,1459.2400000000002
31140,"Louisville/Jefferson County, KY-IN Metro Area",39.3,1361847,945775,184127,71737,706390,30657,597784,47361,236400,0.043399538498563116,0.0792276139876611,0.19468372498744416,11.180761932536953,14.124352424579806,1544.4899999999998
31180,"Lubbock, TX Metro Area",32.3,354782,214888,41033,62288,180962,8569,154226,15701,188700,0.04735248284170157,0.10180514310168194,0.19095063474926474,11.039524069850238,12.779258795323393,1043.2899999999997
31340,"Lynchburg, VA Metro Area",40,262716,177219,34358,67782,128120,5384,118436,15706,224600,0.04202310334061817,0.13261170590023302,0.1938731174422607,11.124051951954984,12.478828879795337,1600
31420,"Macon-Bibb County, GA Metro Area",38.6,234040,157945,19853,58127,105720,6631,104250,16136,172300,0.06272228528187665,0.15478177458033573,0.1256956535502865,10.970385550899845,12.363247319902172,1489.96
31540,"Madison, WI Metro Area",36.9,683967,461223,137961,86827,391919,10022,309095,13568,344600,0.02557161046032471,0.04389588961322571,0.29911994848478934,11.371672912187172,13.435664949826796,1361.61
31700,"Manchester-Nashua, NH Metro Area",41,424732,304990,77518,100436,247287,8238,176753,9021,385500,0.03331351830059809,0.05103732327032639,0.25416571035115904,11.517275987707487,12.959213660766876,1681
31740,"Manhattan, KS Metro Area",27.1,133413,72202,16364,64096,62800,2764,56668,6660,212600,0.04401273885350319,0.11752664643184867,0.22664192127641894,11.068137238465544,11.801204858989957,734.4100000000001
31860,"Mankato, MN Metro Area",33.9,103736,63309,14673,74722,58980,1976,43074,2907,255000,0.033502882332994234,0.06748850814876724,0.23176799507179074,11.221529839139794,11.54960448922872,1149.2099999999998
31900,"Mansfield, OH Metro Area",40.9,125138,87633,9853,57649,57113,2727,54616,4548,154000,0.047747448041601734,0.08327230115717006,0.1124348133693928,10.962128179492987,11.737172407324591,1672.81
32420,"Mayagüez, PR Metro Area",45.8,211487,154495,30827,20400,76310,12894,115607,34785,108900,0.16896868038264973,0.3008900845104535,0.19953396550050165,9.923290179832307,12.261918809858335,2097.64
32580,"McAllen-Edinburg-Mission, TX Metro Area",30.3,880921,506571,70640,52281,372548,28197,302173,38045,124000,0.0756868913535974,0.1259046969782211,0.13944738249919558,10.864388295328752,13.688723230069044,918.09
32780,"Medford, OR Metro Area",42.7,222563,160714,30128,71443,104517,5673,97083,6404,400200,0.05427825138494216,0.06596417498429179,0.18746344437945667,11.176655207949763,12.312965486577566,1823.2900000000002
32820,"Memphis, TN-MS-AR Metro Area",36.7,1341606,888958,164482,64743,666345,43477,576520,58846,228100,0.06524698166865513,0.10207104697148407,0.1850278640835675,11.078180865609573,14.109377961753049,1346.89
32900,"Merced, CA Metro Area",31.8,285597,171486,17760,65044,124973,13441,89610,5005,368400,0.10755123106591023,0.05585314139046981,0.10356530562261643,11.082819242945613,12.562337005190717,1011.24
33100,"Miami-Fort Lauderdale-West Palm Beach, FL Metro Area",41.9,6138876,4429878,967281,73481,3212506,160940,2662397,351167,405600,0.05009796090653216,0.1318988114845382,0.21835386888758562,11.204782148381804,15.630152221476202,1755.61
33140,"Michigan City-La Porte, IN Metro Area",40.8,112141,79182,11407,70452,51922,2301,49878,6197,180700,0.0443164747120681,0.12424315329403746,0.14406051880477885,11.162686905852187,11.627512287062551,1664.6399999999999
33220,"Midland, MI Metro Area",41.8,83641,59550,13148,77538,40277,1931,37048,2440,184300,0.04794299476127815,0.06586050529043404,0.22078925272879932,11.258523417753246,11.33428910947301,1747.2399999999998
33260,"Midland, TX Metro Area",32.7,176726,110797,23158,93442,91434,3449,73772,4682,290300,0.0377211978038804,0.06346581358781109,0.20901287941009233,11.445096201942578,12.082355789532128,1069.2900000000002
33340,"Milwaukee-Waukesha, WI Metro Area",38.5,1566361,1074329,271178,76404,824095,31097,695586,45502,283800,0.03773472718557933,0.06541534763494378,0.2524161592957092,11.243790329805025,14.264265652593473,1482.25
33460,"Minneapolis-St. Paul-Bloomington, MN-WI Metro Area",37.8,3693351,2524357,733550,98180,2070509,80314,1530451,71555,354400,0.038789495723032356,0.046754192064953404,0.2905888509430322,11.494557807612043,15.122044733997363,1428.8399999999997
33500,"Minot, ND Metro Area",33.9,76773,49721,9992,79195,38737,1335,36516,5039,247900,0.03446317474249425,0.13799430386679812,0.20096136441342694,11.27966844449652,11.24860829482318,1149.2099999999998
33540,"Missoula, MT Metro Area",37.3,124435,85887,24184,70888,71759,3187,58577,4803,417300,0.04441254755501052,0.0819946395342882,0.2815792844085834,11.168856445727139,11.731538770197906,1391.2899999999997
33660,"Mobile, AL Metro Area",38.4,413162,280248,45444,58119,189058,10044,185413,24906,176600,0.05312655375599022,0.13432715073916068,0.16215637578145073,10.970247911755056,12.931595046848518,1474.56
33700,"Modesto, CA Metro Area",34.8,552250,352585,46297,79661,260457,20229,184240,7783,426600,0.07766733088379271,0.04224381241858446,0.131307344328318,11.285535410008588,13.221756121282363,1211.0399999999997
33740,"Monroe, LA Metro Area",38,224705,149521,22943,49203,99908,7037,101676,15595,163000,0.07043480001601474,0.15337936189464574,0.1534433290307047,10.803709876231219,12.322543709817262,1444
33780,"Monroe, MI Metro Area",42.6,155001,110422,16562,75272,75331,3786,66300,3791,215700,0.05025819383786224,0.057179487179487176,0.14998822698375325,11.228863498686602,11.951186847493476,1814.7600000000002
33860,"Montgomery, AL Metro Area",37.9,385159,260280,47143,62746,176659,8843,172442,22444,181400,0.05005688926123209,0.1301539068208441,0.18112417396649763,11.04685010994231,12.861411515027244,1436.4099999999999
34060,"Morgantown, WV Metro Area",35,140724,91726,17428,62394,71824,3756,65010,7852,226800,0.052294497660948985,0.12078141824334718,0.1900006541220592,11.041224395888287,11.854555804249065,1225
34100,"Morristown, TN Metro Area",42,120765,84530,10387,58130,57172,3316,53028,5919,198000,0.05800041978590919,0.11162027608056121,0.12287945108245593,10.970437160695397,11.701601787402192,1764
34580,"Mount Vernon-Anacortes, WA Metro Area",41.9,130407,93496,16796,85474,61137,2972,56472,4954,486200,0.04861213340530284,0.08772489021107806,0.1796440489432703,11.355967515111775,11.778415608015512,1755.61
34620,"Muncie, IN Metro Area",35.7,112109,70205,10543,56932,56114,3465,51611,5465,127600,0.0617492960758456,0.10588827963031137,0.15017448899651023,10.949612852190516,11.627226891296958,1274.4900000000002
34740,"Muskegon-Norton Shores, MI Metro Area",39.9,175378,121409,18266,63495,83196,5691,74969,7857,180900,0.06840473099668254,0.10480331870506476,0.1504501313741156,11.058716441623133,12.07469892345945,1592.01
34820,"Myrtle Beach-Conway-North Myrtle Beach, SC Metro Area",48.2,368937,276831,47837,64623,169255,8826,211686,61344,260500,0.05214616998020738,0.28978770443014656,0.172802178946722,11.07632566355621,12.818381176739031,2323.2400000000002
34900,"Napa, CA Metro Area",42.8,136070,97837,23885,108970,71712,3643,55601,5938,838800,0.0508004239178938,0.10679664034819518,0.24413054365935177,11.598827893970931,11.820924738184905,1831.8399999999997
34940,"Naples-Marco Island, FL Metro Area",53.1,387681,299749,69373,86173,170348,6842,234732,73865,486800,0.04016483903538638,0.3146780157796977,0.231436968930672,11.364112182528565,12.867938115493992,2819.61
34980,"Nashville-Davidson--Murfreesboro--Franklin, TN Metro Area",36.8,2043713,1389094,356216,82499,1116050,39960,871937,66109,376800,0.0358048474530711,0.07581855111091741,0.25643764928795315,11.320541451037188,14.530278809488287,1354.2399999999998
35300,"New Haven, CT Metro Area",40.2,566803,396925,84323,86266,305737,18081,247217,19478,328300,0.05913906396674266,0.07878908003899408,0.2124406374000126,11.365190824935642,13.24776707965692,1616.0400000000002
35380,"New Orleans-Metairie, LA Metro Area",38.9,988763,692711,135786,62271,493556,33580,463532,66503,248000,0.06803685903929847,0.1434701379840011,0.19602114012914476,11.03925110683503,13.8042099458916,1513.2099999999998
35620,"New York-Newark-Jersey City, NY-NJ Metro Area",39.4,19756722,13911545,3465456,97334,10412496,681021,7991914,629414,587400,0.06540420279633241,0.07875635298377835,0.24910647954630488,11.485903641873922,16.799004345834355,1552.36
35660,"Niles, MI Metro Area",42.6,153411,107940,19480,63152,75017,4847,77127,13476,211400,0.06461202127517762,0.1747248045431561,0.18047063183249953,11.053299797902628,11.940875873297465,1814.7600000000002
35840,"North Port-Bradenton-Sarasota, FL Metro Area",53.6,865031,676208,148724,78278,382340,16672,474782,100775,367700,0.04360516817492285,0.21225530875222734,0.2199382438539621,11.268021871873454,13.670520623422135,2872.96
35980,"Norwich-New London-Willimantic, CT Metro Area",41,279025,197124,37885,84185,142740,7242,125728,11151,293900,0.05073560319461959,0.08869146093153474,0.1921886731194578,11.3407720370919,12.539056662523915,1681
36100,"Ocala, FL Metro Area",48.2,387697,289496,41315,58535,156188,8159,183453,23657,220800,0.05223832816861731,0.12895401001891493,0.14271354353773455,10.977380144913774,12.867979385687375,2323.2400000000002
36220,"Odessa, TX Metro Area",31.3,163206,98069,11234,71031,80005,4469,67542,5120,190500,0.05585900881194925,0.075804684492612,0.11455199910267261,11.170871680451109,12.002768485542221,979.69
36260,"Ogden, UT Metro Area",32.8,645510,394686,90696,98361,332262,9018,221009,10377,437700,0.027141231919388917,0.04695283902465511,0.22979279731229382,11.496399663012893,13.377795981015607,1075.84
36420,"Oklahoma City, OK Metro Area",35.8,1445122,945744,201396,70499,729061,34094,615515,52583,214700,0.046764262523986334,0.08542927467242878,0.21294980459828453,11.163353804302597,14.183704305030481,1281.6399999999999
36500,"Olympia-Lacey-Tumwater, WA Metro Area",39.8,296640,211430,48591,93985,143346,7504,123333,6161,451500,0.05234886219357359,0.049954189065375854,0.22982074445442935,11.450890474050695,12.600274561359628,1584.0399999999997
36540,"Omaha, NE-IA Metro Area",36.5,972840,641946,159712,83023,522975,17597,407404,23007,248100,0.033647879917778095,0.056472199585669264,0.24879351222688512,11.326872956825019,13.787974907769753,1332.25
36740,"Orlando-Kissimmee-Sanford, FL Metro Area",38.3,2721022,1889178,439223,75611,1433451,73671,1120478,135336,338500,0.0513941529916265,0.12078416532943975,0.23249423823483018,11.233357054228645,14.816518102995468,1466.8899999999999
36780,"Oshkosh-Neenah, WI Metro Area",38.4,171357,116770,24993,72873,93123,2047,76770,4812,208600,0.02198168014346617,0.06268073466197734,0.2140361394193714,11.196473479022334,12.051504378525525,1474.56
36980,"Owensboro, KY Metro Area",39.1,112322,75705,11104,65656,53909,2484,48370,3605,182100,0.04607764937209,0.07452966714905933,0.14667459216696388,11.092184269309547,11.629125025368914,1528.8100000000002
37100,"Oxnard-Thousand Oaks-Ventura, CA Metro Area",39.4,838259,578196,128351,107327,431017,23547,294651,16606,768400,0.05463125584373702,0.05635820004004738,0.2219852783485185,11.58363552790632,13.63908240092458,1552.36
37140,"Paducah, KY-IL Metro Area",43.3,102924,72971,10631,62286,47151,1587,49618,8350,160500,0.0336578227397086,0.16828570276915636,0.14568801304627865,11.0394919604213,11.541746130778423,1874.8899999999996
37340,"Palm Bay-Melbourne-Titusville, FL Metro Area",46.8,620533,464289,94125,75817,293522,14187,294461,42572,304400,0.04833368537963083,0.14457602195197328,0.2027293345308633,11.236077820891051,13.33833406512964,2190.24
37460,"Panama City-Panama City Beach, FL Metro Area",41.4,206627,148344,24461,67834,99630,3598,117171,31771,263500,0.03611362039546322,0.2711507113534919,0.16489376044868684,11.124818823158211,12.238670514447321,1713.9599999999998
37620,"Parkersburg-Vienna, WV Metro Area",44,88960,63835,9046,56029,39757,2186,43019,5242,151600,0.05498402796991725,0.12185313466142868,0.14170909375734314,10.933624692818407,11.395942109484409,1936
37860,"Pensacola-Ferry Pass-Brent, FL Metro Area",38.9,516994,356980,67652,73588,239005,12888,225953,26411,260500,0.0539235580845589,0.11688714024598036,0.18951201747997087,11.206237247945674,13.155786548007361,1513.2099999999998
37900,"Peoria, IL Metro Area",40,365773,251194,50908,70872,179744,9145,167809,14966,160500,0.05087791525725476,0.08918472787514377,0.20266407637125092,11.168630712091868,12.809768201389161,1600
37980,"Philadelphia-Camden-Wilmington, PA-NJ-DE-MD Metro Area",39.1,6241882,4348730,1048224,89273,3319562,197394,2608248,162366,326700,0.05946386902850436,0.062250982268557284,0.24104140749138253,11.399454369523383,15.646792297436802,1528.8100000000002
38060,"Phoenix-Mesa-Chandler, AZ Metro Area",37.7,4941206,3370915,729148,84703,2514990,118176,2030723,176188,401400,0.04698865601851299,0.08676121755650573,0.21630566181585711,11.346906299139231,15.41311998892399,1421.2900000000002
38240,"Pinehurst-Southern Pines, NC Metro Area",42.8,102840,74008,18084,82837,43508,2023,49419,6605,315300,0.04649719591799209,0.13365304842267145,0.24435196195005945,11.32463010046458,11.540929661379826,1831.8399999999997
38300,"Pittsburgh, PA Metro Area",42.8,2443921,1782988,403577,73942,1274143,63618,1169819,110068,204500,0.04993003140149889,0.09408976944296511,0.22634869107363595,11.211036281083421,14.70911427469227,1831.8399999999997
38340,"Pittsfield, MA Metro Area",47.8,128047,95763,19480,72565,66934,3780,69861,13344,283800,0.05647354110018824,0.1910078584618027,0.20341885696981088,11.192237990904463,11.760152663004922,2284.8399999999997
38540,"Pocatello, ID Metro Area",35,88457,56691,11078,64080,42517,1965,35683,2343,267200,0.04621680739468918,0.06566151949107418,0.19541020620557054,11.06788758174224,11.390271837213957,1225
38660,"Ponce, PR Metro Area",43.8,273739,199500,41026,20646,93793,13632,129258,26561,103100,0.1453413367735332,0.20548824830958237,0.2056441102756892,9.935276875025535,12.519930376657102,1918.4399999999998
38860,"Portland-South Portland, ME Metro Area",43.7,557764,413717,112181,88602,311738,10564,284481,48053,379500,0.03388743111202356,0.16891461995704457,0.27115395306453444,11.39190970970183,13.231691212831393,1909.6900000000003
38900,"Portland-Vancouver-Hillsboro, OR-WA Metro Area",39.1,2510529,1794165,466803,94573,1365858,68018,1050449,50031,526500,0.04979873456830798,0.04762820470103737,0.2601784116845441,11.457127302039982,14.736004045873948,1528.8100000000002
38940,"Port St. Lucie, FL Metro Area",47.7,506701,378373,70878,72506,232863,12599,237227,37767,325300,0.054104774051695635,0.1592019458156112,0.18732309123536828,11.19142459603915,13.135676365016424,2275.2900000000004
39150,"Prescott Valley-Prescott, AZ Metro Area",55,241656,188587,32658,66106,100945,4252,124032,15132,392900,0.042121947595225126,0.12200077399380804,0.17317206382200256,11.099014793278535,12.39527050626356,3025
39300,"Providence-Warwick, RI-MA Metro Area",40.6,1673807,1185708,252585,85646,898201,50909,728781,59677,385900,0.05667885027961447,0.08188605356067186,0.21302462326306307,11.357977800968772,14.330611230672774,1648.3600000000001
39340,"Provo-Orem-Lehi, UT Metro Area",25.6,695895,355794,107202,96745,355658,12520,207280,7922,487200,0.03520235732079695,0.03821883442686221,0.3013035632978634,11.47983392997003,13.452954065866765,655.3600000000001
39380,"Pueblo, CO Metro Area",40.4,168726,117554,19072,62250,75134,4068,73031,5215,271800,0.05414326403492427,0.07140803220550178,0.16224033210269323,11.038913814326953,12.036031376398014,1632.1599999999999
39460,"Punta Gorda, FL Metro Area",60,195083,162384,25246,66154,74508,4137,114821,27445,291000,0.05552423900789177,0.23902422030813178,0.15547098236279436,11.099740636346844,12.18118038801208,3600
39540,"Racine-Mount Pleasant, WI Metro Area",40.5,196888,135728,25503,75331,100388,4261,84558,5449,239400,0.04244531218870781,0.06444097542515197,0.1878978545325946,11.2296470156553,12.190390318128067,1640.25
39580,"Raleigh-Cary, NC Metro Area",37.5,1449594,983121,302685,96066,789777,33046,601103,45732,381000,0.04184219089692407,0.07608013934383957,0.307881735818887,11.47279073423011,14.186794075189438,1406.25
39660,"Rapid City, SD Metro Area",40.2,151064,105449,22703,71985,76463,2528,68429,6897,274200,0.03306174228058015,0.1007906004764062,0.21529839069123463,11.184213042960456,11.925458867061414,1616.0400000000002
39740,"Reading, PA Metro Area",39.9,429989,294011,51020,77684,223263,11745,171147,9446,239700,0.052606119240536944,0.05519232005235265,0.17353092231243047,11.260404594945342,12.971514905947187,1592.01
39820,"Redding, CA Metro Area",41.7,181554,128987,20528,71931,81960,5115,79748,8275,347200,0.06240849194729136,0.10376435772683955,0.1591478210982502,11.183462605169881,12.109308409097704,1738.8900000000003
39900,"Reno, NV Metro Area",39.4,556539,392629,75383,84684,292912,14962,240502,19480,474000,0.05108018790626536,0.08099724742413784,0.19199549702136112,11.34668196078883,13.229492528104721,1552.36
40060,"Richmond, VA Metro Area",38.7,1327321,925152,225465,84405,709362,32887,561343,37565,325800,0.04636137825257062,0.06691986895712604,0.2437058991387361,11.343381920535489,14.098673183081841,1497.6900000000003
40140,"Riverside-San Bernardino-Ontario, CA Metro Area",35.6,4637725,3029814,467101,86031,2202337,150760,1598577,168339,493600,0.0684545553200986,0.10530553110672805,0.15416820966567585,11.362462975399982,15.349734502241107,1267.3600000000001
40220,"Roanoke, VA Metro Area",42.8,314661,225332,43339,67447,153568,5683,148029,17888,236300,0.037006407584913525,0.12084118652426214,0.19233397830756396,11.119097383256094,12.659251147822797,1831.8399999999997
40340,"Rochester, MN Metro Area",38.8,227252,155020,38343,89675,124414,4168,98552,6150,284600,0.03350105293616474,0.06240360418865168,0.2473422784156883,11.403947302400484,12.333814812881085,1505.4399999999998
40380,"Rochester, NY Metro Area",40.6,1058875,742993,156670,74438,544608,26383,478537,35588,190100,0.048444018449967687,0.07436833515485741,0.2108633594125382,11.217721843119596,13.872717581733852,1648.3600000000001
40420,"Rockford, IL Metro Area",39.6,336605,228518,35289,66571,166486,12214,145197,10593,162600,0.07336352606225148,0.07295605281100849,0.15442547195406928,11.106024326263507,12.726665415055136,1568.16
40580,"Rocky Mount, NC Metro Area",41.6,144228,100452,13732,57437,67960,4609,66795,9139,153000,0.06781930547380813,0.13682161838460963,0.1367021064787162,10.958443973945899,11.87915065974079,1730.5600000000002
40660,"Rome, GA Metro Area",37.8,98985,65894,9328,62540,46440,1978,40763,4075,194100,0.04259259259259259,0.09996810833353777,0.14156068837830454,11.043561631011832,11.502723602485633,1428.8399999999997
40900,"Sacramento-Roseville-Folsom, CA Metro Area",38.3,2406563,1651306,379918,93986,1205012,70987,945650,69646,559000,0.058909786790504994,0.07364881298577698,0.23007122847007155,11.450901113989836,14.69371014648091,1466.8899999999999
40980,"Saginaw, MI Metro Area",41.1,189210,131119,19466,58347,87113,5792,86134,8548,139400,0.06648835420660522,0.09924071795109946,0.14846055872909342,10.974163222511216,12.150612788325807,1689.21
41060,"St. Cloud, MN Metro Area",35.5,200816,126264,23206,75670,110615,4705,83695,6264,254200,0.042534918410703795,0.07484318059621244,0.18378952037001836,11.234137059688567,12.210144344900227,1260.25
41100,"St. George, UT Metro Area",39,189827,125296,25871,76411,85070,2822,78993,12079,465600,0.033172681321264844,0.15291228336688062,0.20647905759162305,11.243881943848214,12.15386841004595,1521
41140,"St. Joseph, MO-KS Metro Area",39.8,120609,83144,12667,62900,57422,2325,53618,6800,162100,0.04048970777750688,0.12682308180088775,0.1523501395169826,11.049301442688533,11.700309187356448,1584.0399999999997
41180,"St. Louis, MO-IL Metro Area",39.8,2809414,1960002,437752,78225,1472300,61136,1267353,112512,232100,0.041524145894179174,0.08877715995464562,0.22334262924221507,11.267344568537084,14.84848647863698,1584.0399999999997
41420,"Salem, OR Metro Area",37.3,435085,290331,50587,76010,210985,10921,165046,7059,389800,0.05176197360001896,0.04276989445366746,0.17423905817842394,11.238620189560086,12.98329669328113,1391.2899999999997
41500,"Salinas, CA Metro Area",35.3,435834,279274,46167,94486,196118,10068,144659,12613,723100,0.05133644030634618,0.08719125667950145,0.16531077006810516,11.456206954358665,12.985016715888646,1246.0899999999997
41540,"Salisbury, MD Metro Area",36.6,128802,83003,13579,69592,64796,4082,54841,6511,228300,0.0629977159083894,0.11872504148356157,0.16359649651217426,11.150404897187377,11.766031620482144,1339.5600000000002
41620,"Salt Lake City-Murray, UT Metro Area",33.7,1261337,807926,194516,95045,699128,25612,464304,24665,478200,0.03663420718380611,0.0531225231744719,0.24075967353445737,11.462105742640254,14.047682827458315,1135.6900000000003
41660,"San Angelo, TX Metro Area",35.9,120830,79372,13204,66037,57854,1770,52744,6044,186300,0.030594254502713726,0.11459123312604277,0.1663558937660636,11.097970469988296,11.702139878021354,1288.81
41700,"San Antonio-New Braunfels, TX Metro Area",35.7,2612802,1719743,344377,74297,1303593,67529,1037336,88239,258700,0.051802211272997015,0.0850630846707335,0.20024910698866052,11.215825853040078,14.775933766660383,1274.4900000000002
41740,"San Diego-Chula Vista-Carlsbad, CA Metro Area",37.1,3282782,2269135,580152,102285,1681203,104758,1240607,80785,791600,0.062311333015703636,0.0651173175711567,0.2556709935724406,11.535518313622863,15.004201791598499,1376.41
41780,"Sandusky, OH Metro Area",47.1,115099,84839,15531,70687,57572,2899,67162,16949,189400,0.050354338914750225,0.25235996545665706,0.18306439255531065,11.166016959447076,11.653547906574925,2218.4100000000003
41860,"San Francisco-Oakland-Fremont, CA Metro Area",40,4653593,3403234,1019630,133780,2579488,138635,1866271,131217,1113800,0.053745161830564825,0.07030972457912062,0.29960619810450884,11.8039519386724,15.353150167365765,1600
41940,"San Jose-Sunnyvale-Santa Clara, CA Metro Area",37.8,1969353,1381636,383775,157444,1080179,48706,715146,40491,1342700,0.045090674786308564,0.05661920782609425,0.2777685294824397,11.966825118467405,14.493215620374473,1428.8399999999997
41980,"San Juan-Bayamón-Caguas, PR Metro Area",44,2063795,1532847,334732,27966,851023,97580,989904,193294,138700,0.11466200090949363,0.19526539947308022,0.21837274039744345,10.238744765600796,14.540057078945436,1936
42020,"San Luis Obispo-Paso Robles, CA Metro Area",40.2,281486,190233,46166,93398,138634,7005,124871,15974,777200,0.05052873032589408,0.1279240175861489,0.24268134340519257,11.444625210711436,12.547837991754967,1616.0400000000002
42100,"Santa Cruz-Watsonville, CA Metro Area",39.6,266021,179687,45391,109266,141139,7922,106635,9762,1015200,0.056129064255804564,0.09154592769728513,0.2526114855276119,11.601540555323874,12.491330532016077,1568.16
42140,"Santa Fe, NM Metro Area",48.5,155175,118758,26025,74689,76167,4114,77686,8338,416900,0.05401289272257014,0.10732950595988981,0.21914313141009448,11.2210881045883,11.952308791281853,2352.25
42200,"Santa Maria-Santa Barbara, CA Metro Area",34.5,443975,278456,60231,95977,220540,13563,159766,10806,735700,0.061499047791783806,0.06763641826170774,0.21630347343925072,11.471863858411968,13.003523533522795,1190.25
42220,"Santa Rosa-Petaluma, CA Metro Area",42.7,485642,353701,83196,102840,259553,13476,206319,15821,779000,0.05192003174688792,0.07668222509802781,0.23521561997280188,11.540929661379826,13.093227005926344,1823.2900000000002
42340,"Savannah, GA Metro Area",36.7,412089,277821,59943,74632,207420,11806,178564,19947,271100,0.05691832995853823,0.11170784704643713,0.21576122755299276,11.220324648640798,12.928994624420305,1346.89
42540,"Scranton--Wilkes-Barre, PA Metro Area",42.2,567887,403280,66200,63656,281538,14940,263883,31291,176500,0.0530656607633783,0.11857906723813205,0.16415393771077166,11.06124886505737,13.249677734249401,1780.8400000000001
42660,"Seattle-Tacoma-Bellevue, WA Metro Area",37.4,4021467,2850044,792775,112594,2214256,102267,1681971,95621,673500,0.046185716556712504,0.05685056401091339,0.27816237223004275,11.63154370729995,15.207157319399268,1398.76
42680,"Sebastian-Vero Beach-West Vero Corridor, FL Metro Area",55,163856,128465,25931,71049,68819,3614,85093,16397,314700,0.052514567198012174,0.1926950512968164,0.20185264468921496,11.171125058830842,12.00674327231522,3025
42700,"Sebring, FL Metro Area",54.2,103808,80495,10017,55581,37960,2224,58086,12143,177900,0.05858798735511064,0.20905209516923182,0.12444251195726443,10.925596695218122,11.550298318035031,2937.6400000000003
43100,"Sheboygan, WI Metro Area",41.8,117783,82470,15177,71898,62286,1490,52549,3123,218400,0.023921908615098096,0.05943024605606196,0.18403055656602402,11.183003726910572,11.6765992273917,1747.2399999999998
43300,"Sherman-Denison, TX Metro Area",39.4,139988,94534,15142,70455,68711,2442,60366,7041,228300,0.03554016096403778,0.11663850511877547,0.16017517506928725,11.162729487129205,11.849311983632047,1552.36
43340,"Shreveport-Bossier City, LA Metro Area",38.2,389004,264090,39831,54635,171869,12537,181250,26379,187300,0.07294509190139001,0.1455393103448276,0.1508235828694763,10.908429982004845,12.871344905324065,1459.2400000000002
43420,"Sierra Vista-Douglas, AZ Metro Area",42.9,125458,89259,15057,58970,46480,3392,59312,8836,207400,0.0729776247848537,0.14897491232802806,0.16868887171041574,10.98478411899455,11.739726320187787,1840.4099999999999
43580,"Sioux City, IA-NE-SD Metro Area",36.2,144007,92329,14685,72027,75007,3144,58354,3428,179100,0.04191608783180237,0.05874490180621723,0.1590507857769498,11.184796327703266,11.877617188487767,1310.4400000000003
43620,"Sioux Falls, SD-MN Metro Area",36.1,293107,193620,47952,81418,166774,3457,125197,6449,274800,0.020728650748917696,0.051510818949335846,0.24766036566470406,11.307351657766079,12.588293009047712,1303.21
43640,"Slidell-Mandeville-Covington, LA Metro Area",40.4,269331,184926,43862,79277,132000,6352,112414,9128,272200,0.04812121212121212,0.08119985055242229,0.2371867665985313,11.280703327722811,12.503696385431258,1632.1599999999999
43780,"South Bend-Mishawaka, IN-MI Metro Area",37.9,324180,215096,40004,65385,161389,8023,143872,15778,183800,0.04971218608455347,0.10966692615658363,0.18598207312083906,11.088048153340603,12.689054196066166,1436.4099999999999
43900,"Spartanburg, SC Metro Area",38.3,365086,248281,38047,62440,177659,8069,154594,14250,207900,0.04541847021541267,0.0921769279532194,0.15324168985947373,11.041961374629368,12.80788822124979,1466.8899999999999
44060,"Spokane-Spokane Valley, WA Metro Area",38.8,591793,411559,81509,72836,286877,16352,250733,15871,365700,0.05700003834395926,0.06329840906462253,0.1980493683773165,11.195965617451733,13.290912190557913,1505.4399999999998
44100,"Springfield, IL Metro Area",40.9,207386,145368,30020,74580,102601,5527,98753,9268,171100,0.05386887067377511,0.09385031340820026,0.20651037367233505,11.219627653732811,12.242337070088373,1672.81
44140,"Springfield, MA Metro Area",39.8,462853,319878,54356,70535,228511,13781,197210,12993,276300,0.060307818879616296,0.06588408295725369,0.16992728477732136,11.163864319508603,13.045164788055859,1584.0399999999997
44180,"Springfield, MO Metro Area",37.3,481671,319409,59840,61488,238652,8536,210306,12013,213400,0.03576756113504182,0.057121527678715776,0.1873460046523423,11.026597312804626,13.085016587359883,1391.2899999999997
44220,"Springfield, OH Metro Area",41.2,135445,93570,10774,60846,64014,4173,61092,5767,155900,0.0651888649357953,0.09439861192954888,0.11514374265255958,11.016101360840052,11.816320932841501,1697.4400000000003
44300,"State College, PA Metro Area",33.8,158041,97523,21816,72748,76801,3068,66023,7017,308100,0.0399473965182745,0.10628114444966148,0.22370107564369432,11.194756693246909,11.970609772017331,1142.4399999999998
44420,"Staunton-Stuarts Draft, VA Metro Area",42.8,126052,91998,14976,70949,63571,2270,55637,4017,264400,0.03570810589734313,0.0722001545733954,0.1627861475249462,11.169716588056161,11.744449799209747,1831.8399999999997
44700,"Stockton-Lodi, CA Metro Area",35.2,787416,504845,73689,88531,372511,27442,256826,15453,494500,0.07366762323797149,0.06016914175356078,0.14596361259396448,11.39110805214731,13.576511977325966,1239.0400000000002
44940,"Sumter, SC Metro Area",37.3,104853,69534,9755,55990,44116,3231,47288,6107,159500,0.07323873424607852,0.129144814752157,0.14029108062242931,10.932928382342938,11.560314648224033,1391.2899999999997
45060,"Syracuse, NY Metro Area",39.9,657128,451148,86152,73558,330835,17572,297056,29398,175300,0.05311409010533952,0.09896450500915652,0.1909617243121991,11.205829489659132,13.395634103452778,1592.01
45220,"Tallahassee, FL Metro Area",34.7,388298,243823,57511,63078,200269,10700,176005,20985,249900,0.05342813915283943,0.11922956734183687,0.23587192348547922,11.052127334803886,12.869528365049785,1204.0900000000001
45300,"Tampa-St. Petersburg-Clearwater, FL Metro Area",42.2,3240469,2356194,507296,71254,1626337,76050,1492509,188865,306100,0.046761526055177985,0.126541950500801,0.21530315415453904,11.174006236905964,14.991228630379215,1780.8400000000001
45460,"Terre Haute, IN Metro Area",38.4,168850,112824,15652,55380,79582,4477,74709,7316,132000,0.056256439898469505,0.09792662195987097,0.13872934836559597,10.921973796724952,12.036766025813714,1474.56
45500,"Texarkana, TX-AR Metro Area",38.9,146868,99721,12210,55046,63156,3239,65672,9770,150800,0.0512857052378238,0.14876964307467413,0.12244161209775273,10.915924478293796,11.897289503170338,1513.2099999999998
45780,"Toledo, OH Metro Area",38,602977,404942,73589,63749,309140,18798,275754,22571,168500,0.06080740117746005,0.08185194049768997,0.1817272597063283,11.062708776623133,13.309634332361641,1444
45820,"Topeka, KS Metro Area",40.2,232724,159375,30095,68160,115668,4348,104931,8935,172200,0.037590344779887264,0.08515119459454308,0.1888313725490196,11.129613161503197,12.357608481058497,1616.0400000000002
45900,"Traverse City, MI Metro Area",46.1,154657,114713,26077,77495,77417,2919,85951,21734,286500,0.03770489685727941,0.25286500447929633,0.22732384298205086,11.257968697131151,11.948965040587076,2125.21
45940,"Trenton-Princeton, NJ Metro Area",39.2,383286,259529,62940,96333,198250,12165,150600,9136,351000,0.06136191677175284,0.060664010624169984,0.24251625059241935,11.47556621821286,12.856536725786386,1536.6400000000003
46060,"Tucson, AZ Metro Area",39.7,1049947,720400,146720,67929,497064,28264,475378,44413,286900,0.056861893035906844,0.09342670464346267,0.2036646307606885,11.126218321040632,13.864250244669265,1576.0900000000001
46140,"Tulsa, OK Metro Area",37.3,1026209,684423,134604,67823,510658,26495,442788,42888,204400,0.051884039807464095,0.09685899346865769,0.19666785014530488,11.124656649440318,13.841381987671774,1391.2899999999997
46220,"Tuscaloosa, AL Metro Area",34.3,275217,172131,29002,59975,132987,7208,123433,20620,217100,0.05420078654304556,0.16705419134267174,0.16848795394205576,11.001683087707896,12.52531515638925,1176.4899999999998
46300,"Twin Falls, ID Metro Area",35.5,116909,74770,9666,66473,56623,1871,44474,2364,284200,0.03304310969040849,0.05315465215631605,0.12927644777317107,11.10455112915993,11.669151133376053,1260.25
46340,"Tyler, TX Metro Area",37.4,238014,157478,28778,71923,114273,4672,98672,16982,220800,0.04088454840601017,0.172105561861521,0.18274298632189892,11.183351381289999,12.380084774452987,1398.76
46520,"Urban Honolulu, HI Metro Area",39.4,1003666,707526,167802,104264,485957,23328,372329,35268,873000,0.04800424728936922,0.09472267806160681,0.23716725604430083,11.554681423210555,13.819169854564388,1552.36
46540,"Utica-Rome, NY Metro Area",41.6,289577,201985,30926,68830,136347,6350,137734,17947,163400,0.046572348493182834,0.13030188624450026,0.15311037948362502,11.13939497539241,12.57617651645027,1730.5600000000002
46660,"Valdosta, GA Metro Area",32.6,149139,91604,13714,54581,66512,3716,63273,7700,182300,0.0558696175126293,0.1216948777519637,0.14970961966726343,10.90744111582406,11.912634035966013,1062.76
46700,"Vallejo, CA Metro Area",39.1,450824,313970,60797,99994,222268,13027,163455,7655,589600,0.05860942645814962,0.04683246153375547,0.19363951969933432,11.512865463170156,13.01883229841741,1528.8100000000002
47020,"Victoria, TX Metro Area",37.1,98377,65204,9223,69618,46598,2041,42779,5837,196500,0.043800163097128635,0.136445452207859,0.1414483774001595,11.150778433575601,11.496562315881533,1376.41
47220,"Vineland, NJ Metro Area",37.6,152915,103020,12331,64499,68485,5152,57203,3862,205600,0.07522815215010586,0.06751394157649074,0.11969520481459911,11.074404998787708,11.93763749044085,1413.7600000000002
47260,"Virginia Beach-Chesapeake-Norfolk, VA-NC Metro Area",37.2,1782590,1212293,256939,80533,870286,44207,758459,57343,318000,0.050795945240989744,0.07560461409252181,0.21194463714630044,11.296422317293274,14.393577920879556,1383.8400000000001
47300,"Visalia, CA Metro Area",31.9,475774,284744,28892,69489,211259,18688,152542,10516,303000,0.08846013660956456,0.06893839073828847,0.10146658050740315,11.148923745645035,13.07269823054917,1017.6099999999999
47380,"Waco, TX Metro Area",35,299217,187726,30217,63880,142655,6559,123987,14545,209600,0.04597805895341909,0.1173106857977046,0.16096331887964374,11.064761602328948,12.608924341650185,1225
47460,"Walla Walla, WA Metro Area",38.3,62102,41000,6905,72212,29827,1698,25219,1829,375600,0.056928286451872465,0.07252468377017328,0.16841463414634147,11.187361516056548,11.036533473522127,1466.8899999999999
47580,"Warner Robins, GA Metro Area",36.5,195171,128217,22998,78702,93441,4909,80450,8008,202800,0.05253582474502627,0.09954008701056558,0.17936779054259575,11.273423847043201,12.181631376350401,1332.25
47900,"Washington-Arlington-Alexandria, DC-VA-MD-WV Metro Area",37.9,6263796,4303742,1160075,123896,3503559,165544,2483270,133112,553000,0.04725023897128606,0.05360351472050965,0.2695503122631422,11.72719778299601,15.650296949072649,1436.4099999999999
47930,"Waterbury-Shelton, CT Metro Area",41.9,452303,323618,61123,86365,243367,14835,191984,13644,290800,0.06095731960372606,0.07106842236853071,0.18887391925047434,11.366337780127385,13.022107588209801,1755.61
47940,"Waterloo-Cedar Falls, IA Metro Area",36.6,168163,108262,21649,68916,89551,3996,74779,6261,186100,0.044622617279539034,0.08372671471937308,0.19996859470543682,11.140643650652297,12.032689026103881,1339.5600000000002
48060,"Watertown-Fort Drum, NY Metro Area",33.2,116130,74642,11359,64978,47485,3031,61721,15020,181000,0.06383068337369696,0.24335315370781418,0.1521797379491439,11.081804030048279,11.662465532239803,1102.2400000000002
48140,"Wausau, WI Metro Area",41.2,138067,96557,18307,76185,74232,2140,60296,3423,205500,0.0288285375579265,0.056769934987395514,0.18959785411725716,11.240919871903454,11.83549435356521,1697.4400000000003
48260,"Weirton-Steubenville, WV-OH Metro Area",45.6,115566,83511,11569,57149,53913,3236,56036,6581,121400,0.0600226290505073,0.11744235848383182,0.13853264839362478,10.953417171257096,11.657597074312278,2079.36
48300,"Wenatchee-East Wenatchee, WA Metro Area",39.8,123251,84376,15246,79007,60255,2415,55850,9317,434900,0.04007966143888474,0.1668218442256043,0.1806911918080971,11.277291735118673,11.721978205462285,1584.0399999999997
48540,"Wheeling, WV-OH Metro Area",44.1,138015,100377,13899,58705,63790,3406,67514,10443,149300,0.0533939488948111,0.15467902953461504,0.13846797573149228,10.980280181064312,11.835117653884572,1944.8100000000002
48620,"Wichita, KS Metro Area",36.6,648935,426198,86221,68930,326660,16273,277986,25485,188200,0.04981632278209759,0.09167727871187757,0.20230268560622058,11.140846775879698,13.383087836587267,1339.5600000000002
48660,"Wichita Falls, TX Metro Area",36.4,148978,97749,15685,63618,69890,2332,64738,8137,144700,0.03336671913006153,0.12569124779881985,0.1604619996112492,11.060651728153854,11.911553923019401,1324.9599999999998
48680,"Wildwood-The Villages, FL Metro Area",68.4,137536,123814,26375,73297,32301,1845,80371,13430,356000,0.05711897464474784,0.16710007340956315,0.21302114462015603,11.202274959342775,11.831640980002183,4678.56
48700,"Williamsport, PA Metro Area",41.3,113570,79987,12615,64412,55609,2979,52692,6491,195600,0.053570465212465605,0.1231875806574053,0.1577131283833623,11.073055230137888,11.640174665885691,1705.6899999999998
48900,"Wilmington, NC Metro Area",45.1,440578,323091,80373,73687,217732,10948,242220,51256,328000,0.050281998052651884,0.21160928081909008,0.2487627324809419,11.20758167184534,12.99584278019271,2034.0100000000002
49020,"Winchester, VA-WV Metro Area",40.9,144676,101196,16863,82413,72643,3565,61666,7719,322600,0.04907561637046928,0.12517432620893199,0.1666370212261354,11.319498470443952,11.882252038462388,1672.81
49180,"Winston-Salem, NC Metro Area",40.6,683637,471692,89104,64282,332613,16363,306432,31037,213300,0.04919531106721625,0.10128511382623225,0.18890292818194923,11.071034933244212,13.435182353978282,1648.3600000000001
49340,"Worcester, MA Metro Area",40.3,861664,602409,135457,93561,468291,25023,353405,20132,390700,0.053434723281036794,0.056965804105771,0.22485885835038985,11.44636890896934,13.666620682474205,1624.0899999999997
49420,"Yakima, WA Metro Area",33.2,256605,157100,18944,68015,118580,8418,91647,4958,281100,0.07099004891212683,0.05409887939594313,0.12058561425843412,11.12748354806753,12.455293216554502,1102.2400000000002
49620,"York-Hanover, PA Metro Area",40.9,459312,322163,55071,82238,243489,10777,188608,8401,235000,0.04426072635724817,0.04454211910417374,0.17094141785369518,11.317372761327132,13.037484996687153,1672.81
49660,"Youngstown-Warren, OH Metro Area",43.6,428430,306958,46847,55357,200569,11088,202587,18262,134600,0.05528272065972309,0.09014398752141055,0.15261697039985928,10.921558398071735,12.967882643115088,1900.96
49700,"Yuba City, CA Metro Area",35.2,182050,118206,15159,74762,80399,5741,64770,3467,390800,0.07140636077563153,0.053527867840049405,0.12824222120704531,11.222065013485606,12.11203665360358,1239.0400000000002
49740,"Yuma, AZ Metro Area",35.8,207685,134669,14330,60417,82451,6700,93924,17021,195700,0.08126038495591321,0.18122098718112517,0.10640904736799114,11.009025801274971,12.243777787708822,1281.6399999999999
